<?xml version="1.0" encoding="UTF-8"?>
<root>
  <item name="com.wuba.loginsdk.internal.Dispatcher android.os.CountDownTimer dismissUILater(android.app.Activity, com.wuba.loginsdk.model.LoginSDKBean, com.wuba.loginsdk.external.Request, com.wuba.loginsdk.views.base.RequestLoadingView...)">
    <annotation name="android.support.annotation.CheckResult" />
  </item>
  <item name="com.wuba.loginsdk.internal.Dispatcher com.wuba.loginsdk.model.LoginSDKBean loginSuccess(android.content.Context, java.lang.String, com.wuba.loginsdk.external.Request)">
    <annotation name="android.support.annotation.UiThread" />
  </item>
  <item name="com.wuba.loginsdk.internal.Dispatcher void loginCancelled(java.lang.String, com.wuba.loginsdk.external.Request)">
    <annotation name="android.support.annotation.UiThread" />
  </item>
  <item name="com.wuba.loginsdk.internal.Dispatcher void loginFailed(com.wuba.loginsdk.model.PassportCommonBean, com.wuba.loginsdk.external.Request)">
    <annotation name="android.support.annotation.UiThread" />
  </item>
  <item name="com.wuba.loginsdk.internal.Dispatcher void loginFailed(java.lang.String, com.wuba.loginsdk.external.Request)">
    <annotation name="android.support.annotation.UiThread" />
  </item>
  <item name="com.wuba.loginsdk.internal.Dispatcher void notifyCallback(int, boolean, java.lang.String)">
    <annotation name="android.support.annotation.UiThread" />
  </item>
  <item name="com.wuba.loginsdk.internal.Dispatcher void notifyCallback(int, boolean, java.lang.String) 0">
    <annotation name="android.support.annotation.IntDef">
      <val name="value" val="{com.wuba.loginsdk.internal.Dispatcher.CODE_LOGIN, com.wuba.loginsdk.internal.Dispatcher.CODE_LOGOUT, com.wuba.loginsdk.internal.Dispatcher.CODE_CHECK_PPU, com.wuba.loginsdk.internal.Dispatcher.CODE_BIND_PHONE, com.wuba.loginsdk.internal.Dispatcher.CODE_UNBIND_PHONE, com.wuba.loginsdk.internal.Dispatcher.CODE_FETCH_INFO, com.wuba.loginsdk.internal.Dispatcher.CODE_RESET_PASSWORD, com.wuba.loginsdk.internal.Dispatcher.CODE_SOCIAL_ACCOUNT_BOUND, com.wuba.loginsdk.internal.Dispatcher.CODE_USER_INFO_CHANGED}" />
    </annotation>
  </item>
  <item name="com.wuba.loginsdk.internal.Dispatcher void notifyCallback(int, boolean, java.lang.String, com.wuba.loginsdk.model.LoginSDKBean) 0">
    <annotation name="android.support.annotation.IntDef">
      <val name="value" val="{com.wuba.loginsdk.internal.Dispatcher.CODE_LOGIN, com.wuba.loginsdk.internal.Dispatcher.CODE_LOGOUT, com.wuba.loginsdk.internal.Dispatcher.CODE_CHECK_PPU, com.wuba.loginsdk.internal.Dispatcher.CODE_BIND_PHONE, com.wuba.loginsdk.internal.Dispatcher.CODE_UNBIND_PHONE, com.wuba.loginsdk.internal.Dispatcher.CODE_FETCH_INFO, com.wuba.loginsdk.internal.Dispatcher.CODE_RESET_PASSWORD, com.wuba.loginsdk.internal.Dispatcher.CODE_SOCIAL_ACCOUNT_BOUND, com.wuba.loginsdk.internal.Dispatcher.CODE_USER_INFO_CHANGED}" />
    </annotation>
  </item>
</root>

