<?xml version="1.0" encoding="UTF-8"?>
<root>
  <item name="com.wuba.loginsdk.model.LoginSDKBean int getRequestType()">
    <annotation name="android.support.annotation.IntDef">
      <val name="value" val="{com.wuba.loginsdk.external.Request.LOGIN, com.wuba.loginsdk.external.Request.REGISTER, com.wuba.loginsdk.external.Request.BIND_PHONE, com.wuba.loginsdk.external.Request.FINANCE_LOGIN, com.wuba.loginsdk.external.Request.UNBIND_PHONE, com.wuba.loginsdk.external.Request.LOGIN_SHIELD, com.wuba.loginsdk.external.Request.BIND_QQ, com.wuba.loginsdk.external.Request.BIND_WX, com.wuba.loginsdk.external.Request.LOGIN_WX, com.wuba.loginsdk.external.Request.BIND_THIRD, com.wuba.loginsdk.external.Request.BIND_PAGE}" />
    </annotation>
  </item>
  <item name="com.wuba.loginsdk.model.LoginSDKBean requestType">
    <annotation name="android.support.annotation.IntDef">
      <val name="value" val="{com.wuba.loginsdk.external.Request.LOGIN, com.wuba.loginsdk.external.Request.REGISTER, com.wuba.loginsdk.external.Request.BIND_PHONE, com.wuba.loginsdk.external.Request.FINANCE_LOGIN, com.wuba.loginsdk.external.Request.UNBIND_PHONE, com.wuba.loginsdk.external.Request.LOGIN_SHIELD, com.wuba.loginsdk.external.Request.BIND_QQ, com.wuba.loginsdk.external.Request.BIND_WX, com.wuba.loginsdk.external.Request.LOGIN_WX, com.wuba.loginsdk.external.Request.BIND_THIRD, com.wuba.loginsdk.external.Request.BIND_PAGE}" />
    </annotation>
  </item>
</root>

