<?xml version="1.0" encoding="UTF-8"?>
<root>
  <item name="com.wuba.loginsdk.external.LoginClient com.wuba.loginsdk.external.Request requestWithDefaultConfiguration(int) 0">
    <annotation name="android.support.annotation.IntDef">
      <val name="value" val="{com.wuba.loginsdk.external.Request.LOGIN, com.wuba.loginsdk.external.Request.REGISTER, com.wuba.loginsdk.external.Request.BIND_PHONE, com.wuba.loginsdk.external.Request.FINANCE_LOGIN, com.wuba.loginsdk.external.Request.UNBIND_PHONE, com.wuba.loginsdk.external.Request.LOGIN_SHIELD, com.wuba.loginsdk.external.Request.BIND_QQ, com.wuba.loginsdk.external.Request.BIND_WX, com.wuba.loginsdk.external.Request.LOGIN_WX, com.wuba.loginsdk.external.Request.BIND_THIRD, com.wuba.loginsdk.external.Request.BIND_PAGE}" />
    </annotation>
  </item>
  <item name="com.wuba.loginsdk.external.LoginClient void launch(android.content.Context, int) 1">
    <annotation name="android.support.annotation.IntDef">
      <val name="value" val="{com.wuba.loginsdk.external.Request.LOGIN, com.wuba.loginsdk.external.Request.REGISTER, com.wuba.loginsdk.external.Request.BIND_PHONE, com.wuba.loginsdk.external.Request.FINANCE_LOGIN, com.wuba.loginsdk.external.Request.UNBIND_PHONE, com.wuba.loginsdk.external.Request.LOGIN_SHIELD, com.wuba.loginsdk.external.Request.BIND_QQ, com.wuba.loginsdk.external.Request.BIND_WX, com.wuba.loginsdk.external.Request.LOGIN_WX, com.wuba.loginsdk.external.Request.BIND_THIRD, com.wuba.loginsdk.external.Request.BIND_PAGE}" />
    </annotation>
  </item>
  <item name="com.wuba.loginsdk.external.LoginSdk.LoginConfig com.wuba.loginsdk.external.LoginSdk.LoginConfig setLogLevel(short) 0">
    <annotation name="android.support.annotation.IntDef">
      <val name="value" val="{com.wuba.loginsdk.external.ILogger.NONE, com.wuba.loginsdk.external.ILogger.STANDARD_LOG, com.wuba.loginsdk.external.ILogger.FULL_LOG}" />
    </annotation>
  </item>
  <item name="com.wuba.loginsdk.external.LoginSdk.LoginConfig mLogLevel">
    <annotation name="android.support.annotation.IntDef">
      <val name="value" val="{com.wuba.loginsdk.external.ILogger.NONE, com.wuba.loginsdk.external.ILogger.STANDARD_LOG, com.wuba.loginsdk.external.ILogger.FULL_LOG}" />
    </annotation>
  </item>
  <item name="com.wuba.loginsdk.external.Request int getOperate()">
    <annotation name="android.support.annotation.IntDef">
      <val name="value" val="{com.wuba.loginsdk.external.Request.LOGIN, com.wuba.loginsdk.external.Request.REGISTER, com.wuba.loginsdk.external.Request.BIND_PHONE, com.wuba.loginsdk.external.Request.FINANCE_LOGIN, com.wuba.loginsdk.external.Request.UNBIND_PHONE, com.wuba.loginsdk.external.Request.LOGIN_SHIELD, com.wuba.loginsdk.external.Request.BIND_QQ, com.wuba.loginsdk.external.Request.BIND_WX, com.wuba.loginsdk.external.Request.LOGIN_WX, com.wuba.loginsdk.external.Request.BIND_THIRD, com.wuba.loginsdk.external.Request.BIND_PAGE}" />
    </annotation>
  </item>
  <item name="com.wuba.loginsdk.external.Request mOperate">
    <annotation name="android.support.annotation.IntDef">
      <val name="value" val="{com.wuba.loginsdk.external.Request.LOGIN, com.wuba.loginsdk.external.Request.REGISTER, com.wuba.loginsdk.external.Request.BIND_PHONE, com.wuba.loginsdk.external.Request.FINANCE_LOGIN, com.wuba.loginsdk.external.Request.UNBIND_PHONE, com.wuba.loginsdk.external.Request.LOGIN_SHIELD, com.wuba.loginsdk.external.Request.BIND_QQ, com.wuba.loginsdk.external.Request.BIND_WX, com.wuba.loginsdk.external.Request.LOGIN_WX, com.wuba.loginsdk.external.Request.BIND_THIRD, com.wuba.loginsdk.external.Request.BIND_PAGE}" />
    </annotation>
  </item>
  <item name="com.wuba.loginsdk.external.Request.Builder com.wuba.loginsdk.external.Request.Builder setCloseButtonEnable(boolean)">
    <annotation name="android.support.annotation.CheckResult" />
  </item>
  <item name="com.wuba.loginsdk.external.Request.Builder com.wuba.loginsdk.external.Request.Builder setExtra(android.os.Bundle)">
    <annotation name="android.support.annotation.CheckResult" />
  </item>
  <item name="com.wuba.loginsdk.external.Request.Builder com.wuba.loginsdk.external.Request.Builder setForgetPwdEnable(boolean)">
    <annotation name="android.support.annotation.CheckResult" />
  </item>
  <item name="com.wuba.loginsdk.external.Request.Builder com.wuba.loginsdk.external.Request.Builder setLogoResId(int)">
    <annotation name="android.support.annotation.CheckResult" />
  </item>
  <item name="com.wuba.loginsdk.external.Request.Builder com.wuba.loginsdk.external.Request.Builder setLogoResId(int) 0">
    <annotation name="android.support.annotation.DrawableRes" />
  </item>
  <item name="com.wuba.loginsdk.external.Request.Builder com.wuba.loginsdk.external.Request.Builder setOperate(int)">
    <annotation name="android.support.annotation.CheckResult" />
  </item>
  <item name="com.wuba.loginsdk.external.Request.Builder com.wuba.loginsdk.external.Request.Builder setOperate(int) 0">
    <annotation name="android.support.annotation.IntDef">
      <val name="value" val="{com.wuba.loginsdk.external.Request.LOGIN, com.wuba.loginsdk.external.Request.REGISTER, com.wuba.loginsdk.external.Request.BIND_PHONE, com.wuba.loginsdk.external.Request.FINANCE_LOGIN, com.wuba.loginsdk.external.Request.UNBIND_PHONE, com.wuba.loginsdk.external.Request.LOGIN_SHIELD, com.wuba.loginsdk.external.Request.BIND_QQ, com.wuba.loginsdk.external.Request.BIND_WX, com.wuba.loginsdk.external.Request.LOGIN_WX, com.wuba.loginsdk.external.Request.BIND_THIRD, com.wuba.loginsdk.external.Request.BIND_PAGE}" />
    </annotation>
  </item>
  <item name="com.wuba.loginsdk.external.Request.Builder com.wuba.loginsdk.external.Request.Builder setPhoneLoginEnable(boolean)">
    <annotation name="android.support.annotation.CheckResult" />
  </item>
  <item name="com.wuba.loginsdk.external.Request.Builder com.wuba.loginsdk.external.Request.Builder setRegistEnable(boolean)">
    <annotation name="android.support.annotation.CheckResult" />
  </item>
  <item name="com.wuba.loginsdk.external.Request.Builder com.wuba.loginsdk.external.Request.Builder setSocialEntranceEnable(boolean)">
    <annotation name="android.support.annotation.CheckResult" />
  </item>
  <item name="com.wuba.loginsdk.external.Request.Builder mOperate">
    <annotation name="android.support.annotation.IntDef">
      <val name="value" val="{com.wuba.loginsdk.external.Request.LOGIN, com.wuba.loginsdk.external.Request.REGISTER, com.wuba.loginsdk.external.Request.BIND_PHONE, com.wuba.loginsdk.external.Request.FINANCE_LOGIN, com.wuba.loginsdk.external.Request.UNBIND_PHONE, com.wuba.loginsdk.external.Request.LOGIN_SHIELD, com.wuba.loginsdk.external.Request.BIND_QQ, com.wuba.loginsdk.external.Request.BIND_WX, com.wuba.loginsdk.external.Request.LOGIN_WX, com.wuba.loginsdk.external.Request.BIND_THIRD, com.wuba.loginsdk.external.Request.BIND_PAGE}" />
    </annotation>
  </item>
</root>

